timestamp,source_ip,url,user_agent,status_code,label
2025-04-16 20:45:44.636253,45.67.142.243,/track,Edge/95.0,200,5
2025-04-16 20:45:45.588410,45.67.142.243,/track,Edge/95.0,200,5
2025-04-16 20:45:46.102924,45.67.142.243,/track,Edge/95.0,200,5
2025-04-16 20:45:46.646331,45.67.142.243,/track,Edge/95.0,200,5
2025-04-16 20:45:47.197436,45.67.142.243,/track,Edge/95.0,200,5
2025-04-16 20:45:47.716200,45.67.188.201,/track,Chrome/119.0,200,5
2025-04-16 20:45:47.830703,45.67.188.201,/track,Chrome/119.0,200,5
2025-04-16 20:45:47.972833,45.67.188.201,/track,Chrome/119.0,200,5
2025-04-16 20:45:48.092357,45.67.188.201,/track,Chrome/119.0,200,5
2025-04-16 20:45:48.231771,45.67.188.201,/track,Chrome/119.0,200,5
2025-04-16 20:45:48.371161,45.67.188.201,/track,Chrome/119.0,200,5
2025-04-16 20:45:48.506764,45.67.188.201,/track,Chrome/119.0,200,5
2025-04-16 20:45:48.631642,45.67.188.201,/track,Chrome/119.0,200,5
2025-04-16 20:45:48.767415,45.67.188.201,/track,Chrome/119.0,200,5
2025-04-16 20:45:48.904655,45.67.188.201,/track,Chrome/119.0,200,5
2025-04-16 20:45:50.928959,45.67.90.116,/track,Safari/13.1.2,200,5
2025-04-16 20:45:51.445584,45.67.90.116,/track,Safari/13.1.2,200,5
2025-04-16 20:45:51.966851,45.67.90.116,/track,Safari/13.1.2,200,5
2025-04-16 20:45:52.482319,45.67.90.116,/track,Safari/13.1.2,200,5
2025-04-16 20:45:53.015019,45.67.134.239,/track,sqlmap/1.5,403,2
2025-04-16 20:45:53.082316,45.67.134.239,/track,sqlmap/1.5,403,2
2025-04-16 20:45:53.167848,45.67.134.239,/track,sqlmap/1.5,403,2
2025-04-16 20:45:53.245744,45.67.134.239,/track,sqlmap/1.5,403,2
2025-04-16 20:45:53.320103,45.67.134.239,/track,sqlmap/1.5,403,2
2025-04-16 20:45:53.392189,45.67.134.239,/track,sqlmap/1.5,403,2
2025-04-16 20:45:53.475732,45.67.134.239,/track,sqlmap/1.5,403,2
2025-04-16 20:45:53.553703,45.67.134.239,/track,sqlmap/1.5,403,2
2025-04-16 20:45:53.648280,45.67.134.239,/track,sqlmap/1.5,403,2
2025-04-16 20:45:53.753871,45.67.134.239,/track,sqlmap/1.5,403,2
2025-04-16 20:45:53.846537,45.67.134.239,/track,sqlmap/1.5,403,2
2025-04-16 20:45:53.912764,45.67.134.239,/track,sqlmap/1.5,403,2
2025-04-16 20:45:53.978427,45.67.134.239,/track,sqlmap/1.5,403,2
2025-04-16 20:45:54.046616,45.67.134.239,/track,sqlmap/1.5,403,2
2025-04-16 20:45:54.117385,45.67.134.239,/track,sqlmap/1.5,403,2
2025-04-16 20:45:54.215217,45.67.134.239,/track,sqlmap/1.5,403,2
2025-04-16 20:45:54.286314,45.67.134.239,/track,sqlmap/1.5,403,2
2025-04-16 20:45:54.367019,45.67.134.239,/track,sqlmap/1.5,403,2
2025-04-16 20:45:54.460322,45.67.134.239,/track,sqlmap/1.5,403,2
2025-04-16 20:45:54.527708,45.67.58.84,/track,curl/7.64.1,429,1
2025-04-16 20:45:54.613941,45.67.58.84,/track,curl/7.64.1,429,1
2025-04-16 20:45:54.707093,45.67.58.84,/track,curl/7.64.1,429,1
2025-04-16 20:45:54.777054,45.67.58.84,/track,curl/7.64.1,429,1
2025-04-16 20:45:54.854598,45.67.58.84,/track,curl/7.64.1,429,1
2025-04-16 20:45:54.926170,45.67.58.84,/track,curl/7.64.1,429,1
2025-04-16 20:45:54.999393,45.67.58.84,/track,curl/7.64.1,429,1
2025-04-16 20:45:55.092003,45.67.58.84,/track,curl/7.64.1,429,1
2025-04-16 20:45:55.198484,45.67.58.84,/track,curl/7.64.1,429,1
2025-04-16 20:45:55.283325,45.67.58.84,/track,curl/7.64.1,429,1
2025-04-16 20:45:55.358357,45.67.58.84,/track,curl/7.64.1,429,1
2025-04-16 20:45:55.436287,45.67.58.84,/track,curl/7.64.1,429,1
2025-04-16 20:45:55.560482,45.67.58.84,/track,curl/7.64.1,429,1
2025-04-16 20:45:55.656419,45.67.58.84,/track,curl/7.64.1,429,1
2025-04-16 20:45:55.748747,45.67.58.84,/track,curl/7.64.1,429,1
2025-04-16 20:45:55.843043,45.67.58.84,/track,curl/7.64.1,429,1
2025-04-16 20:45:55.949935,45.67.58.84,/track,curl/7.64.1,429,1
2025-04-16 20:45:56.040684,45.67.58.84,/track,curl/7.64.1,429,1
2025-04-16 20:45:56.124004,45.67.58.84,/track,curl/7.64.1,429,1
2025-04-16 20:45:56.225442,45.67.58.84,/track,curl/7.64.1,429,1
2025-04-16 20:45:56.318907,45.67.170.61,/track,BOT/1.0,429,1
2025-04-16 20:45:56.428762,45.67.170.61,/track,BOT/1.0,429,1
2025-04-16 20:45:56.546493,45.67.170.61,/track,BOT/1.0,429,1
2025-04-16 20:45:56.653525,45.67.170.61,/track,BOT/1.0,429,1
2025-04-16 20:45:56.762720,45.67.170.61,/track,BOT/1.0,429,1
2025-04-16 20:45:56.853395,45.67.170.61,/track,BOT/1.0,429,1
2025-04-16 20:45:56.964614,45.67.170.61,/track,BOT/1.0,429,1
2025-04-16 20:45:57.070285,45.67.170.61,/track,BOT/1.0,429,1
2025-04-16 20:45:57.254738,45.67.170.61,/track,BOT/1.0,429,1
2025-04-16 20:45:57.346224,45.67.170.61,/track,BOT/1.0,429,1
2025-04-16 20:45:57.439810,45.67.170.61,/track,BOT/1.0,429,1
2025-04-16 20:45:57.515404,45.67.170.61,/track,BOT/1.0,429,1
2025-04-16 20:45:57.591335,45.67.170.61,/track,BOT/1.0,429,1
2025-04-16 20:45:57.661553,45.67.170.61,/track,BOT/1.0,429,1
2025-04-16 20:45:57.730216,45.67.170.61,/track,BOT/1.0,429,1
2025-04-16 20:45:57.823207,45.67.170.61,/track,BOT/1.0,429,1
2025-04-16 20:45:57.915063,45.67.170.61,/track,BOT/1.0,429,1
2025-04-16 20:45:57.987877,45.67.170.61,/track,BOT/1.0,429,1
2025-04-16 20:45:58.083014,45.67.170.61,/track,BOT/1.0,429,1
2025-04-16 20:45:58.150970,45.67.170.61,/track,BOT/1.0,429,1
2025-04-16 20:45:58.226959,45.67.170.61,/track,BOT/1.0,429,1
2025-04-16 20:45:58.296738,45.67.170.61,/track,BOT/1.0,429,1
2025-04-16 20:45:58.376053,45.67.170.61,/track,BOT/1.0,429,1
2025-04-16 20:45:58.467314,45.67.170.61,/track,BOT/1.0,429,1
2025-04-16 20:45:58.560050,45.67.170.61,/track,BOT/1.0,429,1
2025-04-16 20:45:58.628257,45.67.180.91,/track,Chrome/119.0,200,5
2025-04-16 20:45:58.753021,45.67.180.91,/track,Chrome/119.0,200,5
2025-04-16 20:45:58.900038,45.67.180.91,/track,Chrome/119.0,200,5
2025-04-16 20:45:59.023966,45.67.180.91,/track,Chrome/119.0,200,5
2025-04-16 20:45:59.178079,45.67.180.91,/track,Chrome/119.0,200,5
2025-04-16 20:45:59.339723,45.67.180.91,/track,Chrome/119.0,200,5
2025-04-16 20:45:59.478895,45.67.180.91,/track,Chrome/119.0,200,5
2025-04-16 20:45:59.613504,45.67.180.91,/track,Chrome/119.0,200,5
2025-04-16 20:45:59.785076,45.67.180.91,/track,Chrome/119.0,200,5
2025-04-16 20:45:59.932729,45.67.180.91,/track,Chrome/119.0,200,5
2025-04-16 20:46:00.070632,45.67.180.91,/track,Chrome/119.0,200,5
2025-04-16 20:46:00.213913,45.67.180.91,/track,Chrome/119.0,200,5
2025-04-16 20:46:00.377170,45.67.180.91,/track,Chrome/119.0,200,5
2025-04-16 20:46:00.518314,45.67.45.125,/track,Safari/13.1.2,200,5
2025-04-16 20:57:33.166041,45.67.198.223,/track,BOT/1.0,403,2
2025-04-16 20:57:33.614900,45.67.198.223,/track,BOT/1.0,403,2
2025-04-16 20:57:33.680287,45.67.198.223,/track,BOT/1.0,403,2
2025-04-16 20:57:33.766071,45.67.198.223,/track,BOT/1.0,403,2
2025-04-16 20:57:33.858522,45.67.198.223,/track,BOT/1.0,403,2
2025-04-16 20:57:33.923467,45.67.198.223,/track,BOT/1.0,403,2
2025-04-16 20:57:33.990379,45.67.198.223,/track,BOT/1.0,403,2
2025-04-16 20:57:34.063267,45.67.198.223,/track,BOT/1.0,403,2
2025-04-16 20:57:34.181255,45.67.198.223,/track,BOT/1.0,403,2
2025-04-16 20:57:34.272620,45.67.198.223,/track,BOT/1.0,403,2
2025-04-16 20:57:34.340814,45.67.198.223,/track,BOT/1.0,403,2
2025-04-16 20:57:34.425629,45.67.198.223,/track,BOT/1.0,403,2
2025-04-16 20:57:34.501979,45.67.198.223,/track,BOT/1.0,403,2
2025-04-16 20:57:34.577955,45.67.198.223,/track,BOT/1.0,403,2
2025-04-16 20:57:34.644379,45.67.198.223,/track,BOT/1.0,403,2
2025-04-16 20:57:36.331429,45.67.198.223,/track,BOT/1.0,403,2
2025-04-16 20:57:36.417800,45.67.198.223,/track,BOT/1.0,403,2
2025-04-16 20:57:36.483990,45.67.198.223,/track,BOT/1.0,403,2
2025-04-16 20:57:36.550313,45.67.198.223,/track,BOT/1.0,403,2
2025-04-16 20:57:36.619442,45.67.198.223,/track,BOT/1.0,403,2
2025-04-16 20:57:36.691816,45.67.198.223,/track,BOT/1.0,403,2
2025-04-16 20:57:36.764392,45.67.198.223,/track,BOT/1.0,403,2
2025-04-16 20:57:36.853154,45.67.198.223,/track,BOT/1.0,403,2
2025-04-16 20:57:36.941104,45.67.198.223,/track,BOT/1.0,403,2
2025-04-16 20:57:37.012161,45.67.119.56,/track,Safari/13.1.2,200,5
2025-04-16 20:57:37.541452,45.67.62.12,/track,Mozilla/5.0,200,5
2025-04-16 20:57:38.267168,45.67.62.12,/track,Mozilla/5.0,200,5
2025-04-16 20:57:39.009058,45.67.62.12,/track,Mozilla/5.0,200,5
2025-04-16 20:57:39.746998,45.67.62.12,/track,Mozilla/5.0,200,5
2025-04-16 20:57:40.461284,45.67.62.12,/track,Mozilla/5.0,200,5
2025-04-16 20:57:41.206998,45.67.62.12,/track,Mozilla/5.0,200,5
2025-04-16 20:57:41.926143,45.67.62.12,/track,Mozilla/5.0,200,5
2025-04-16 20:57:42.660449,45.67.93.167,/track,Mozilla/5.0,200,5
2025-04-16 20:57:43.411063,45.67.93.167,/track,Mozilla/5.0,200,5
2025-04-16 20:57:44.149749,45.67.93.167,/track,Mozilla/5.0,200,5
2025-04-16 20:57:44.886475,45.67.93.167,/track,Mozilla/5.0,200,5
2025-04-16 20:57:45.603241,45.67.93.167,/track,Mozilla/5.0,200,5
2025-04-16 20:57:46.322326,45.67.93.167,/track,Mozilla/5.0,200,5
2025-04-16 20:57:47.068255,45.67.93.167,/track,Mozilla/5.0,200,5
2025-04-16 20:57:47.804308,45.67.93.167,/track,Mozilla/5.0,200,5
2025-04-16 20:57:48.539458,45.67.93.167,/track,Mozilla/5.0,200,5
2025-04-16 20:57:49.258582,45.67.100.172,/track,CustomScanner/1.0,500,1
2025-04-16 20:57:49.324035,45.67.100.172,/track,CustomScanner/1.0,500,1
2025-04-16 20:57:49.392907,45.67.100.172,/track,CustomScanner/1.0,500,1
2025-04-16 20:57:49.477624,45.67.100.172,/track,CustomScanner/1.0,500,1
2025-04-16 20:57:49.570721,45.67.100.172,/track,CustomScanner/1.0,500,1
2025-04-16 20:57:49.646770,45.67.100.172,/track,CustomScanner/1.0,500,1
2025-04-16 20:57:49.724345,45.67.100.172,/track,CustomScanner/1.0,500,1
2025-04-16 20:57:49.801497,45.67.100.172,/track,CustomScanner/1.0,500,1
2025-04-16 20:57:49.895100,45.67.100.172,/track,CustomScanner/1.0,500,1
2025-04-16 20:57:49.971355,45.67.100.172,/track,CustomScanner/1.0,500,1
2025-04-16 20:57:50.064645,45.67.100.172,/track,CustomScanner/1.0,500,1
2025-04-16 20:57:50.128175,45.67.100.172,/track,CustomScanner/1.0,500,1
2025-04-16 20:57:50.217622,45.67.100.172,/track,CustomScanner/1.0,500,1
2025-04-16 20:57:50.308851,45.67.100.172,/track,CustomScanner/1.0,500,1
2025-04-16 20:57:50.417231,45.67.100.172,/track,CustomScanner/1.0,500,1
2025-04-16 20:57:50.509225,45.67.100.172,/track,CustomScanner/1.0,500,1
2025-04-16 20:57:50.586046,45.67.100.172,/track,CustomScanner/1.0,500,1
2025-04-16 20:57:50.676883,45.67.100.172,/track,CustomScanner/1.0,500,1
2025-04-16 20:57:50.754400,45.67.100.172,/track,CustomScanner/1.0,500,1
2025-04-16 20:57:50.824779,45.67.100.172,/track,CustomScanner/1.0,500,1
2025-04-16 20:57:50.923681,45.67.100.172,/track,CustomScanner/1.0,500,1
2025-04-16 20:57:51.014997,45.67.100.172,/track,CustomScanner/1.0,500,1
2025-04-16 20:57:51.086521,45.67.100.172,/track,CustomScanner/1.0,500,1
2025-04-16 20:57:51.170416,45.67.100.172,/track,CustomScanner/1.0,500,1
2025-04-16 20:57:51.261173,45.67.100.172,/track,CustomScanner/1.0,500,1
2025-04-16 20:57:51.324813,45.67.100.172,/track,CustomScanner/1.0,500,1
2025-04-16 20:57:51.392712,45.67.51.138,/track,Safari/13.1.2,200,5
2025-04-16 20:57:51.934375,45.67.51.138,/track,Safari/13.1.2,200,5
2025-04-16 20:57:52.488289,45.67.51.138,/track,Safari/13.1.2,200,5
2025-04-16 20:57:53.020681,45.67.51.138,/track,Safari/13.1.2,200,5
2025-04-16 20:57:53.544187,45.67.102.180,/track,Edge/95.0,200,5
2025-04-16 20:57:54.082517,45.67.102.180,/track,Edge/95.0,200,5
2025-04-16 20:57:54.629099,45.67.102.180,/track,Edge/95.0,200,5
2025-04-16 20:57:55.166281,45.67.156.121,/track,Mozilla/5.0,200,5
2025-04-16 20:57:55.911681,45.67.156.121,/track,Mozilla/5.0,200,5
2025-04-16 20:57:56.646800,45.67.156.121,/track,Mozilla/5.0,200,5
2025-04-16 20:57:57.381310,45.67.156.121,/track,Mozilla/5.0,200,5
2025-04-16 20:57:58.116950,45.67.156.121,/track,Mozilla/5.0,200,5
2025-04-16 20:57:58.860639,45.67.156.121,/track,Mozilla/5.0,200,5
2025-04-16 20:57:59.584757,45.67.156.121,/track,Mozilla/5.0,200,5
2025-04-16 20:58:00.305487,45.67.143.207,/track,CustomScanner/1.0,403,2
2025-04-16 20:58:00.406712,45.67.143.207,/track,CustomScanner/1.0,403,2
2025-04-16 20:58:00.512611,45.67.143.207,/track,CustomScanner/1.0,403,2
2025-04-16 20:58:00.604678,45.67.143.207,/track,CustomScanner/1.0,403,2
2025-04-16 20:58:00.695994,45.67.143.207,/track,CustomScanner/1.0,403,2
2025-04-16 20:58:00.788099,45.67.143.207,/track,CustomScanner/1.0,403,2
2025-04-16 20:58:00.879774,45.67.143.207,/track,CustomScanner/1.0,403,2
2025-04-16 20:58:00.950806,45.67.143.207,/track,CustomScanner/1.0,403,2
2025-04-16 20:58:01.032091,45.67.143.207,/track,CustomScanner/1.0,403,2
2025-04-16 20:58:01.125631,45.67.143.207,/track,CustomScanner/1.0,403,2
2025-04-16 20:58:01.189822,45.67.143.207,/track,CustomScanner/1.0,403,2
2025-04-16 20:58:01.278589,45.67.143.207,/track,CustomScanner/1.0,403,2
2025-04-16 20:58:01.370599,45.67.143.207,/track,CustomScanner/1.0,403,2
2025-04-16 20:58:01.462373,45.67.143.207,/track,CustomScanner/1.0,403,2
2025-04-16 20:58:01.540801,45.67.143.207,/track,CustomScanner/1.0,403,2
2025-04-16 20:58:01.604764,45.67.143.207,/track,CustomScanner/1.0,403,2
2025-04-16 20:58:01.691853,45.67.143.207,/track,CustomScanner/1.0,403,2
2025-04-16 20:58:01.767827,45.67.143.207,/track,CustomScanner/1.0,403,2
2025-04-16 20:58:01.860526,45.67.143.207,/track,CustomScanner/1.0,403,2
2025-04-16 20:58:01.930164,45.67.136.45,/track,curl/7.64.1,500,1
2025-04-16 20:58:02.014979,45.67.136.45,/track,curl/7.64.1,500,1
2025-04-16 20:58:02.091218,45.67.136.45,/track,curl/7.64.1,500,1
2025-04-16 20:58:02.159649,45.67.136.45,/track,curl/7.64.1,500,1
2025-04-16 20:58:02.244455,45.67.136.45,/track,curl/7.64.1,500,1
2025-04-16 20:58:02.334729,45.67.136.45,/track,curl/7.64.1,500,1
2025-04-16 20:58:02.399632,45.67.136.45,/track,curl/7.64.1,500,1
2025-04-16 20:58:02.489648,45.67.136.45,/track,curl/7.64.1,500,1
2025-04-16 20:58:02.554538,45.67.136.45,/track,curl/7.64.1,500,1
2025-04-16 20:58:02.641063,45.67.136.45,/track,curl/7.64.1,500,1
2025-04-16 20:58:02.731337,45.67.136.45,/track,curl/7.64.1,500,1
2025-04-16 20:58:02.808030,45.67.136.45,/track,curl/7.64.1,500,1
2025-04-16 20:58:02.885491,45.67.136.45,/track,curl/7.64.1,500,1
2025-04-16 20:58:02.978329,45.67.136.45,/track,curl/7.64.1,500,1
2025-04-16 20:58:03.054606,45.67.136.45,/track,curl/7.64.1,500,1
2025-04-16 20:58:03.120832,45.67.136.45,/track,curl/7.64.1,500,1
2025-04-16 20:58:03.207590,45.67.136.45,/track,curl/7.64.1,500,1
2025-04-16 20:58:03.272102,45.67.136.45,/track,curl/7.64.1,500,1
2025-04-16 20:58:03.360603,45.67.136.45,/track,curl/7.64.1,500,1
2025-04-16 20:58:03.431991,45.67.136.45,/track,curl/7.64.1,500,1
2025-04-16 20:58:03.513057,45.67.136.45,/track,curl/7.64.1,500,1
2025-04-16 20:58:03.605203,45.67.136.45,/track,curl/7.64.1,500,1
2025-04-16 20:58:03.676007,45.67.136.45,/track,curl/7.64.1,500,1
2025-04-16 20:58:03.760037,45.67.136.45,/track,curl/7.64.1,500,1
2025-04-16 20:58:03.850591,45.67.136.45,/track,curl/7.64.1,500,1
2025-04-16 20:58:03.941804,45.67.136.45,/track,curl/7.64.1,500,1
2025-04-16 20:58:04.018310,45.67.136.45,/track,curl/7.64.1,500,1
2025-04-16 20:58:04.094281,45.67.136.45,/track,curl/7.64.1,500,1
2025-04-16 20:58:04.188347,45.67.175.52,/track,Chrome/119.0,200,5
2025-04-16 20:58:04.318712,45.67.175.52,/track,Chrome/119.0,200,5
2025-04-16 20:58:04.438290,45.67.175.52,/track,Chrome/119.0,200,5
2025-04-16 20:58:04.584028,45.67.175.52,/track,Chrome/119.0,200,5
2025-04-16 20:58:04.708031,45.67.175.52,/track,Chrome/119.0,200,5
2025-04-16 20:58:04.844190,45.67.175.52,/track,Chrome/119.0,200,5
2025-04-16 20:58:04.981813,45.67.175.52,/track,Chrome/119.0,200,5
2025-04-16 20:58:05.101367,45.67.175.52,/track,Chrome/119.0,200,5
2025-04-16 20:58:05.230592,45.67.175.52,/track,Chrome/119.0,200,5
2025-04-16 20:58:05.352303,45.67.175.52,/track,Chrome/119.0,200,5
2025-04-16 20:58:05.487263,45.67.175.52,/track,Chrome/119.0,200,5
2025-04-16 20:58:05.624447,45.67.175.52,/track,Chrome/119.0,200,5
2025-04-16 20:58:05.763126,45.67.175.52,/track,Chrome/119.0,200,5
2025-04-16 20:58:05.901783,45.67.175.52,/track,Chrome/119.0,200,5
2025-04-16 20:58:06.023368,45.67.152.229,/track,Chrome/119.0,200,5
2025-04-16 20:58:06.164849,45.67.152.229,/track,Chrome/119.0,200,5
2025-04-16 20:58:06.284562,45.67.152.229,/track,Chrome/119.0,200,5
2025-04-16 20:58:06.425047,45.67.152.229,/track,Chrome/119.0,200,5
2025-04-16 20:58:06.562400,45.67.152.229,/track,Chrome/119.0,200,5
2025-04-16 20:58:06.686942,45.67.152.229,/track,Chrome/119.0,200,5
2025-04-16 20:58:06.821839,45.67.152.229,/track,Chrome/119.0,200,5
2025-04-16 20:58:06.949711,45.67.152.229,/track,Chrome/119.0,200,5
2025-04-16 20:58:07.075955,45.67.152.229,/track,Chrome/119.0,200,5
2025-04-16 20:58:07.219018,45.67.152.229,/track,Chrome/119.0,200,5
2025-04-16 20:58:07.357720,45.67.144.155,/track,Mozilla/5.0,200,5
2025-04-16 20:58:07.896512,45.67.144.155,/track,Mozilla/5.0,200,5
2025-04-16 20:58:08.435749,45.67.144.155,/track,Mozilla/5.0,200,5
2025-04-16 20:58:08.981459,45.67.144.155,/track,Mozilla/5.0,200,5
2025-04-16 20:58:09.505055,45.67.87.248,/track,curl/7.64.1,403,2
2025-04-16 20:58:09.597206,45.67.87.248,/track,curl/7.64.1,403,2
2025-04-16 20:58:09.689849,45.67.87.248,/track,curl/7.64.1,403,2
2025-04-16 20:58:09.767968,45.67.87.248,/track,curl/7.64.1,403,2
2025-04-16 20:58:09.858968,45.67.87.248,/track,curl/7.64.1,403,2
2025-04-16 20:58:09.950311,45.67.87.248,/track,curl/7.64.1,403,2
2025-04-16 20:58:10.042374,45.67.87.248,/track,curl/7.64.1,403,2
2025-04-16 20:58:10.107122,45.67.87.248,/track,curl/7.64.1,403,2
2025-04-16 20:58:10.176842,45.67.87.248,/track,curl/7.64.1,403,2
2025-04-16 20:58:10.241665,45.67.87.248,/track,curl/7.64.1,403,2
2025-04-16 20:58:10.307544,45.67.87.248,/track,curl/7.64.1,403,2
2025-04-16 20:58:10.396410,45.67.87.248,/track,curl/7.64.1,403,2
2025-04-16 20:58:10.472529,45.67.87.248,/track,curl/7.64.1,403,2
2025-04-16 20:58:10.545826,45.67.87.248,/track,curl/7.64.1,403,2
2025-04-16 20:58:10.620133,45.67.87.248,/track,curl/7.64.1,403,2
2025-04-16 20:58:10.703268,45.67.87.248,/track,curl/7.64.1,403,2
2025-04-16 20:58:10.795663,45.67.87.248,/track,curl/7.64.1,403,2
2025-04-16 20:58:10.887619,45.67.87.248,/track,curl/7.64.1,403,2
2025-04-16 20:58:10.963607,45.67.87.248,/track,curl/7.64.1,403,2
2025-04-16 20:58:11.040005,45.67.87.248,/track,curl/7.64.1,403,2
2025-04-16 20:58:11.105230,45.67.87.248,/track,curl/7.64.1,403,2
2025-04-16 20:58:11.193045,45.67.87.248,/track,curl/7.64.1,403,2
2025-04-16 20:58:11.257548,45.67.87.248,/track,curl/7.64.1,403,2
2025-04-16 20:58:11.348470,45.67.87.248,/track,curl/7.64.1,403,2
2025-04-16 20:58:11.413645,45.67.87.248,/track,curl/7.64.1,403,2
2025-04-16 20:58:11.480788,45.67.159.45,/track,Chrome/119.0,200,5
2025-04-16 20:58:11.998898,45.67.81.126,/track,Chrome/119.0,200,5
2025-04-16 20:58:12.143938,45.67.81.126,/track,Chrome/119.0,200,5
2025-04-16 20:58:12.260062,45.67.81.126,/track,Chrome/119.0,200,5
2025-04-16 20:58:12.389740,45.67.81.126,/track,Chrome/119.0,200,5
2025-04-16 20:58:12.528236,45.67.81.126,/track,Chrome/119.0,200,5
2025-04-16 20:58:12.653802,45.67.81.126,/track,Chrome/119.0,200,5
2025-04-16 20:58:12.775876,45.67.81.126,/track,Chrome/119.0,200,5
2025-04-16 20:58:12.898244,45.67.81.126,/track,Chrome/119.0,200,5
2025-04-16 20:58:13.018066,45.67.81.126,/track,Chrome/119.0,200,5
2025-04-16 20:58:13.132439,45.67.81.126,/track,Chrome/119.0,200,5
2025-04-16 20:58:13.267872,45.67.81.126,/track,Chrome/119.0,200,5
2025-04-16 20:58:13.408200,45.67.81.126,/track,Chrome/119.0,200,5
2025-04-16 20:58:13.545413,45.67.81.126,/track,Chrome/119.0,200,5
2025-04-16 20:58:13.665887,45.67.132.59,/track,Mozilla/5.0,200,5
2025-04-16 20:58:14.404211,45.67.132.59,/track,Mozilla/5.0,200,5
2025-04-16 20:58:15.138656,45.67.132.59,/track,Mozilla/5.0,200,5
2025-04-16 20:58:15.873399,45.67.132.59,/track,Mozilla/5.0,200,5
2025-04-16 20:58:16.594852,45.67.132.59,/track,Mozilla/5.0,200,5
2025-04-16 20:58:17.320602,45.67.132.59,/track,Mozilla/5.0,200,5
2025-04-16 20:58:18.036647,45.67.180.85,/track,CustomScanner/1.0,429,1
2025-04-16 20:58:18.130256,45.67.180.85,/track,CustomScanner/1.0,429,1
2025-04-16 20:58:18.211184,45.67.180.85,/track,CustomScanner/1.0,429,1
2025-04-16 20:58:18.280485,45.67.180.85,/track,CustomScanner/1.0,429,1
2025-04-16 20:58:18.345240,45.67.180.85,/track,CustomScanner/1.0,429,1
2025-04-16 20:58:18.434132,45.67.180.85,/track,CustomScanner/1.0,429,1
2025-04-16 20:58:18.498260,45.67.180.85,/track,CustomScanner/1.0,429,1
2025-04-16 20:58:18.589887,45.67.180.85,/track,CustomScanner/1.0,429,1
2025-04-16 20:58:18.681209,45.67.180.85,/track,CustomScanner/1.0,429,1
2025-04-16 20:58:18.744143,45.67.180.85,/track,CustomScanner/1.0,429,1
2025-04-16 20:58:18.820540,45.67.180.85,/track,CustomScanner/1.0,429,1
2025-04-16 20:58:18.890192,45.67.180.85,/track,CustomScanner/1.0,429,1
2025-04-16 20:58:18.973530,45.67.180.85,/track,CustomScanner/1.0,429,1
2025-04-16 20:58:19.041188,45.67.180.85,/track,CustomScanner/1.0,429,1
2025-04-16 20:58:19.112139,45.67.180.85,/track,CustomScanner/1.0,429,1
2025-04-16 20:58:19.184131,45.67.180.85,/track,CustomScanner/1.0,429,1
2025-04-16 20:58:19.265343,45.67.180.85,/track,CustomScanner/1.0,429,1
2025-04-16 20:58:19.340456,45.67.180.85,/track,CustomScanner/1.0,429,1
2025-04-16 20:58:19.431803,45.67.180.85,/track,CustomScanner/1.0,429,1
2025-04-16 20:58:19.497319,45.67.180.85,/track,CustomScanner/1.0,429,1
2025-04-16 20:58:19.567459,45.67.144.189,/track,curl/7.64.1,429,1
2025-04-16 20:58:19.638833,45.67.144.189,/track,curl/7.64.1,429,1
2025-04-16 20:58:19.723601,45.67.144.189,/track,curl/7.64.1,429,1
2025-04-16 20:58:19.814245,45.67.144.189,/track,curl/7.64.1,429,1
2025-04-16 20:58:19.906063,45.67.144.189,/track,curl/7.64.1,429,1
2025-04-16 20:58:19.974021,45.67.144.189,/track,curl/7.64.1,429,1
2025-04-16 20:58:20.060765,45.67.144.189,/track,curl/7.64.1,429,1
2025-04-16 20:58:20.137078,45.67.144.189,/track,curl/7.64.1,429,1
2025-04-16 20:58:20.229689,45.67.144.189,/track,curl/7.64.1,429,1
2025-04-16 20:58:20.306433,45.67.144.189,/track,curl/7.64.1,429,1
2025-04-16 20:58:20.374163,45.67.144.189,/track,curl/7.64.1,429,1
2025-04-16 20:58:20.449995,45.67.144.189,/track,curl/7.64.1,429,1
2025-04-16 20:58:20.538405,45.67.144.189,/track,curl/7.64.1,429,1
2025-04-16 20:58:20.632023,45.67.144.189,/track,curl/7.64.1,429,1
2025-04-16 20:58:20.724022,45.67.144.189,/track,curl/7.64.1,429,1
2025-04-16 20:58:20.796446,45.67.144.189,/track,curl/7.64.1,429,1
2025-04-16 20:58:20.879951,45.67.144.189,/track,curl/7.64.1,429,1
2025-04-16 20:58:20.949884,45.67.144.189,/track,curl/7.64.1,429,1
2025-04-16 20:58:21.042959,45.67.144.189,/track,curl/7.64.1,429,1
2025-04-16 20:58:21.120508,45.67.144.189,/track,curl/7.64.1,429,1
2025-04-16 20:58:21.196941,45.67.144.189,/track,curl/7.64.1,429,1
2025-04-16 20:58:21.274965,45.67.144.189,/track,curl/7.64.1,429,1
2025-04-16 20:58:21.365226,45.67.144.189,/track,curl/7.64.1,429,1
2025-04-16 20:58:21.430552,45.67.144.189,/track,curl/7.64.1,429,1
2025-04-16 20:58:21.520413,45.67.144.189,/track,curl/7.64.1,429,1
2025-04-16 20:58:21.613107,45.67.144.189,/track,curl/7.64.1,429,1
2025-04-16 20:58:21.677109,45.67.144.189,/track,curl/7.64.1,429,1
2025-04-16 20:58:21.743526,45.67.144.189,/track,curl/7.64.1,429,1
2025-04-16 20:58:21.811394,45.67.144.189,/track,curl/7.64.1,429,1
2025-04-16 20:58:21.883531,45.67.88.82,/track,Safari/13.1.2,200,5
2025-04-16 20:58:22.420424,45.67.88.82,/track,Safari/13.1.2,200,5
2025-04-16 20:58:23.199096,45.67.190.60,/track,curl/7.64.1,500,1
2025-04-16 20:58:23.290500,45.67.190.60,/track,curl/7.64.1,500,1
2025-04-16 20:58:23.381542,45.67.190.60,/track,curl/7.64.1,500,1
2025-04-16 20:58:23.473380,45.67.190.60,/track,curl/7.64.1,500,1
2025-04-16 20:58:23.565638,45.67.190.60,/track,curl/7.64.1,500,1
2025-04-16 20:58:23.637676,45.67.190.60,/track,curl/7.64.1,500,1
2025-04-16 20:58:23.719013,45.67.190.60,/track,curl/7.64.1,500,1
2025-04-16 20:58:23.811208,45.67.190.60,/track,curl/7.64.1,500,1
2025-04-16 20:58:23.901913,45.67.190.60,/track,curl/7.64.1,500,1
2025-04-16 20:58:23.993299,45.67.190.60,/track,curl/7.64.1,500,1
2025-04-16 20:58:24.069368,45.67.190.60,/track,curl/7.64.1,500,1
2025-04-16 20:58:24.144402,45.67.190.60,/track,curl/7.64.1,500,1
2025-04-16 20:58:24.211724,45.67.190.60,/track,curl/7.64.1,500,1
2025-04-16 20:58:24.296827,45.67.190.60,/track,curl/7.64.1,500,1
2025-04-16 20:58:24.374719,45.67.190.60,/track,curl/7.64.1,500,1
2025-04-16 20:58:24.441298,45.67.190.60,/track,curl/7.64.1,500,1
2025-04-16 20:58:24.511289,45.67.190.60,/track,curl/7.64.1,500,1
2025-04-16 20:58:24.588016,45.67.190.60,/track,curl/7.64.1,500,1
2025-04-16 20:58:24.679680,45.67.190.60,/track,curl/7.64.1,500,1
2025-04-16 20:58:24.752968,45.67.190.60,/track,curl/7.64.1,500,1
2025-04-16 20:58:24.831303,45.67.190.60,/track,curl/7.64.1,500,1
2025-04-16 20:58:24.923007,45.67.190.60,/track,curl/7.64.1,500,1
2025-04-16 20:58:25.014447,45.67.190.60,/track,curl/7.64.1,500,1
2025-04-16 20:58:25.105237,45.67.190.60,/track,curl/7.64.1,500,1
2025-04-16 20:58:25.196772,45.67.85.96,/track,Chrome/119.0,200,5
2025-04-16 20:58:25.314983,45.67.85.96,/track,Chrome/119.0,200,5
2025-04-16 20:58:25.442670,45.67.85.96,/track,Chrome/119.0,200,5
2025-04-16 20:58:25.579693,45.67.85.96,/track,Chrome/119.0,200,5
2025-04-16 20:58:25.702450,45.67.85.96,/track,Chrome/119.0,200,5
2025-04-16 20:58:25.841016,45.67.85.96,/track,Chrome/119.0,200,5
2025-04-16 20:58:25.967631,45.67.85.96,/track,Chrome/119.0,200,5
2025-04-16 20:58:26.088698,45.67.85.96,/track,Chrome/119.0,200,5
2025-04-16 20:58:26.225158,45.67.85.96,/track,Chrome/119.0,200,5
2025-04-16 20:58:26.340904,45.67.85.96,/track,Chrome/119.0,200,5
2025-04-16 20:58:26.470267,45.67.85.96,/track,Chrome/119.0,200,5
2025-04-16 20:58:26.608603,45.67.85.96,/track,Chrome/119.0,200,5
2025-04-16 20:58:26.746466,45.67.85.96,/track,Chrome/119.0,200,5
2025-04-16 20:58:26.886086,45.67.85.96,/track,Chrome/119.0,200,5
2025-04-16 20:58:27.023193,45.67.85.96,/track,Chrome/119.0,200,5
2025-04-16 20:58:27.152225,45.67.101.212,/track,Mozilla/5.0,200,5
2025-04-16 20:58:27.894828,45.67.101.212,/track,Mozilla/5.0,200,5
2025-04-16 20:58:28.613023,45.67.101.212,/track,Mozilla/5.0,200,5
2025-04-16 20:58:29.350057,45.67.101.212,/track,Mozilla/5.0,200,5
2025-04-16 20:58:30.067901,45.67.101.212,/track,Mozilla/5.0,200,5
2025-04-16 20:58:30.789389,45.67.101.212,/track,Mozilla/5.0,200,5
2025-04-16 20:58:31.524083,45.67.101.212,/track,Mozilla/5.0,200,5
2025-04-16 20:58:32.249874,45.67.101.212,/track,Mozilla/5.0,200,5
2025-04-16 20:58:32.996760,45.67.101.212,/track,Mozilla/5.0,200,5
2025-04-16 20:58:33.716229,45.67.128.27,/track,Chrome/119.0,200,5
2025-04-16 20:58:33.855927,45.67.128.27,/track,Chrome/119.0,200,5
2025-04-16 20:58:33.976615,45.67.128.27,/track,Chrome/119.0,200,5
2025-04-16 20:58:34.098287,45.67.128.27,/track,Chrome/119.0,200,5
2025-04-16 20:58:34.237583,45.67.128.27,/track,Chrome/119.0,200,5
2025-04-16 20:58:34.374060,45.67.128.27,/track,Chrome/119.0,200,5
2025-04-16 20:58:34.498395,45.67.128.27,/track,Chrome/119.0,200,5
2025-04-16 20:58:34.633774,45.67.128.27,/track,Chrome/119.0,200,5
2025-04-16 20:58:34.757818,45.67.128.27,/track,Chrome/119.0,200,5
2025-04-16 20:58:34.895593,45.67.128.27,/track,Chrome/119.0,200,5
2025-04-16 20:58:35.035694,45.67.128.27,/track,Chrome/119.0,200,5
2025-04-16 20:58:35.174814,45.67.128.27,/track,Chrome/119.0,200,5
2025-04-16 20:58:35.313082,45.67.128.27,/track,Chrome/119.0,200,5
2025-04-16 20:58:35.429480,45.67.128.27,/track,Chrome/119.0,200,5
2025-04-16 20:58:35.575050,45.67.128.27,/track,Chrome/119.0,200,5
2025-04-16 20:58:35.702176,45.67.128.27,/track,Chrome/119.0,200,5
2025-04-16 20:58:35.822505,45.67.128.27,/track,Chrome/119.0,200,5
2025-04-16 20:58:35.967497,45.67.128.27,/track,Chrome/119.0,200,5
2025-04-16 20:58:36.105011,45.67.128.27,/track,Chrome/119.0,200,5
2025-04-16 20:58:36.242175,45.67.158.45,/track,sqlmap/1.5,403,2
2025-04-16 20:58:36.332968,45.67.158.45,/track,sqlmap/1.5,403,2
2025-04-16 20:58:36.398295,45.67.158.45,/track,sqlmap/1.5,403,2
2025-04-16 20:58:36.486270,45.67.158.45,/track,sqlmap/1.5,403,2
2025-04-16 20:58:36.562935,45.67.158.45,/track,sqlmap/1.5,403,2
2025-04-16 20:58:36.638047,45.67.158.45,/track,sqlmap/1.5,403,2
2025-04-16 20:58:36.707342,45.67.158.45,/track,sqlmap/1.5,403,2
2025-04-16 20:58:36.781545,45.67.158.45,/track,sqlmap/1.5,403,2
2025-04-16 20:58:36.870586,45.67.158.45,/track,sqlmap/1.5,403,2
2025-04-16 20:58:36.943562,45.67.158.45,/track,sqlmap/1.5,403,2
2025-04-16 20:58:37.022346,45.67.158.45,/track,sqlmap/1.5,403,2
2025-04-16 20:58:37.115153,45.67.158.45,/track,sqlmap/1.5,403,2
2025-04-16 20:58:37.206732,45.67.158.45,/track,sqlmap/1.5,403,2
2025-04-16 20:58:37.283175,45.67.158.45,/track,sqlmap/1.5,403,2
2025-04-16 20:58:37.349770,45.67.158.45,/track,sqlmap/1.5,403,2
2025-04-16 20:58:37.417353,45.67.158.45,/track,sqlmap/1.5,403,2
2025-04-16 20:58:37.484554,45.67.158.45,/track,sqlmap/1.5,403,2
2025-04-16 20:58:37.575205,45.67.158.45,/track,sqlmap/1.5,403,2
2025-04-16 20:58:37.643274,45.67.158.45,/track,sqlmap/1.5,403,2
2025-04-16 20:58:37.728546,45.67.158.45,/track,sqlmap/1.5,403,2
2025-04-16 20:58:37.822923,45.67.158.45,/track,sqlmap/1.5,403,2
2025-04-16 20:58:37.890932,45.67.158.45,/track,sqlmap/1.5,403,2
2025-04-16 20:58:37.977702,45.67.158.45,/track,sqlmap/1.5,403,2
2025-04-16 20:58:38.069418,45.67.158.45,/track,sqlmap/1.5,403,2
2025-04-16 20:58:38.146317,45.67.158.45,/track,sqlmap/1.5,403,2
2025-04-16 20:58:38.217456,45.67.158.45,/track,sqlmap/1.5,403,2
2025-04-16 20:58:38.299593,45.67.158.45,/track,sqlmap/1.5,403,2
2025-04-16 20:58:38.363963,45.67.158.45,/track,sqlmap/1.5,403,2
2025-04-16 20:58:38.452196,45.67.158.45,/track,sqlmap/1.5,403,2
2025-04-16 20:58:38.544156,45.67.34.232,/track,curl/7.64.1,429,1
2025-04-16 20:58:38.637753,45.67.34.232,/track,curl/7.64.1,429,1
2025-04-16 20:58:38.714780,45.67.34.232,/track,curl/7.64.1,429,1
2025-04-16 20:58:38.783075,45.67.34.232,/track,curl/7.64.1,429,1
2025-04-16 20:58:38.869971,45.67.34.232,/track,curl/7.64.1,429,1
2025-04-16 20:58:38.938950,45.67.34.232,/track,curl/7.64.1,429,1
2025-04-16 20:58:39.037318,45.67.34.232,/track,curl/7.64.1,429,1
2025-04-16 20:58:39.113195,45.67.34.232,/track,curl/7.64.1,429,1
2025-04-16 20:58:39.179279,45.67.34.232,/track,curl/7.64.1,429,1
2025-04-16 20:58:39.268460,45.67.34.232,/track,curl/7.64.1,429,1
2025-04-16 20:58:39.359509,45.67.34.232,/track,curl/7.64.1,429,1
2025-04-16 20:58:39.426654,45.67.34.232,/track,curl/7.64.1,429,1
2025-04-16 20:58:39.496986,45.67.34.232,/track,curl/7.64.1,429,1
2025-04-16 20:58:39.566337,45.67.34.232,/track,curl/7.64.1,429,1
2025-04-16 20:58:39.652036,45.67.34.232,/track,curl/7.64.1,429,1
2025-04-16 20:58:39.729872,45.67.34.232,/track,curl/7.64.1,429,1
2025-04-16 20:58:39.819643,45.67.34.232,/track,curl/7.64.1,429,1
2025-04-16 20:58:39.912115,45.67.34.232,/track,curl/7.64.1,429,1
2025-04-16 20:58:39.985344,45.67.34.232,/track,curl/7.64.1,429,1
2025-04-16 20:58:40.065962,45.67.34.232,/track,curl/7.64.1,429,1
2025-04-16 20:58:40.133026,45.67.34.232,/track,curl/7.64.1,429,1
2025-04-16 20:58:40.208931,45.67.34.232,/track,curl/7.64.1,429,1
2025-04-16 20:58:40.287960,45.67.34.232,/track,curl/7.64.1,429,1
2025-04-16 20:58:40.365012,45.67.34.232,/track,curl/7.64.1,429,1
2025-04-16 20:58:40.450386,45.67.34.232,/track,curl/7.64.1,429,1
2025-04-16 20:58:40.515566,45.67.34.232,/track,curl/7.64.1,429,1
2025-04-16 20:58:40.605626,45.67.34.232,/track,curl/7.64.1,429,1
2025-04-16 20:58:40.681545,45.67.34.232,/track,curl/7.64.1,429,1
2025-04-16 20:58:40.744594,45.67.34.232,/track,curl/7.64.1,429,1
2025-04-16 20:58:40.833529,45.67.141.186,/track,Chrome/119.0,200,5
2025-04-16 20:58:41.355730,45.67.141.186,/track,Chrome/119.0,200,5
2025-04-16 20:58:41.892201,45.67.141.186,/track,Chrome/119.0,200,5
2025-04-16 21:01:25.263703,45.67.157.181,/track,curl/7.64.1,500,1
2025-04-16 21:01:26.498746,45.67.157.181,/track,curl/7.64.1,500,1
2025-04-16 21:01:26.591871,45.67.157.181,/track,curl/7.64.1,500,1
2025-04-16 21:01:26.666923,45.67.157.181,/track,curl/7.64.1,500,1
2025-04-16 21:01:26.745727,45.67.157.181,/track,curl/7.64.1,500,1
2025-04-16 21:01:26.854833,45.67.157.181,/track,curl/7.64.1,500,1
2025-04-16 21:01:26.944266,45.67.157.181,/track,curl/7.64.1,500,1
2025-04-16 21:01:27.012889,45.67.157.181,/track,curl/7.64.1,500,1
2025-04-16 21:01:27.099773,45.67.157.181,/track,curl/7.64.1,500,1
2025-04-16 21:01:27.169056,45.67.157.181,/track,curl/7.64.1,500,1
2025-04-16 21:01:27.253720,45.67.157.181,/track,curl/7.64.1,500,1
2025-04-16 21:01:27.371956,45.67.157.181,/track,curl/7.64.1,500,1
2025-04-16 21:01:27.469466,45.67.157.181,/track,curl/7.64.1,500,1
2025-04-16 21:01:27.572360,45.67.157.181,/track,curl/7.64.1,500,1
2025-04-16 21:01:27.665939,45.67.157.181,/track,curl/7.64.1,500,1
2025-04-16 21:01:29.694277,45.67.157.181,/track,curl/7.64.1,500,1
2025-04-16 21:01:29.769250,45.67.157.181,/track,curl/7.64.1,500,1
2025-04-16 21:01:29.848511,45.67.157.181,/track,curl/7.64.1,500,1
2025-04-16 21:01:29.914222,45.67.157.181,/track,curl/7.64.1,500,1
2025-04-16 21:01:30.001797,45.67.157.181,/track,curl/7.64.1,500,1
2025-04-16 21:01:30.095049,45.67.157.181,/track,curl/7.64.1,500,1
2025-04-16 21:01:30.188057,45.67.157.181,/track,curl/7.64.1,500,1
2025-04-16 21:01:30.280726,45.67.157.181,/track,curl/7.64.1,500,1
2025-04-16 21:01:30.356655,45.67.175.57,/track,sqlmap/1.5,500,1
2025-04-16 21:01:30.424068,45.67.175.57,/track,sqlmap/1.5,500,1
2025-04-16 21:01:30.509913,45.67.175.57,/track,sqlmap/1.5,500,1
2025-04-16 21:01:30.585990,45.67.175.57,/track,sqlmap/1.5,500,1
2025-04-16 21:01:30.654250,45.67.175.57,/track,sqlmap/1.5,500,1
2025-04-16 21:01:30.729832,45.67.175.57,/track,sqlmap/1.5,500,1
2025-04-16 21:01:30.824583,45.67.175.57,/track,sqlmap/1.5,500,1
2025-04-16 21:01:30.909890,45.67.175.57,/track,sqlmap/1.5,500,1
2025-04-16 21:01:30.976595,45.67.175.57,/track,sqlmap/1.5,500,1
2025-04-16 21:01:31.042424,45.67.175.57,/track,sqlmap/1.5,500,1
2025-04-16 21:01:31.123206,45.67.175.57,/track,sqlmap/1.5,500,1
2025-04-16 21:01:31.199432,45.67.175.57,/track,sqlmap/1.5,500,1
2025-04-16 21:01:31.275481,45.67.175.57,/track,sqlmap/1.5,500,1
2025-04-16 21:01:31.351892,45.67.175.57,/track,sqlmap/1.5,500,1
2025-04-16 21:01:31.420824,45.67.175.57,/track,sqlmap/1.5,500,1
2025-04-16 21:01:31.505520,45.67.175.57,/track,sqlmap/1.5,500,1
2025-04-16 21:01:31.597960,45.67.175.57,/track,sqlmap/1.5,500,1
2025-04-16 21:01:31.666842,45.67.175.57,/track,sqlmap/1.5,500,1
2025-04-16 21:01:31.745824,45.67.175.57,/track,sqlmap/1.5,500,1
2025-04-16 21:01:31.824318,45.67.175.57,/track,sqlmap/1.5,500,1
2025-04-16 21:01:31.920816,45.67.175.57,/track,sqlmap/1.5,500,1
2025-04-16 21:01:32.014679,45.67.175.57,/track,sqlmap/1.5,500,1
2025-04-16 21:01:32.106940,45.67.175.57,/track,sqlmap/1.5,500,1
2025-04-16 21:01:32.184209,45.67.175.57,/track,sqlmap/1.5,500,1
2025-04-16 21:01:32.276395,45.67.175.57,/track,sqlmap/1.5,500,1
2025-04-16 21:01:32.382420,45.67.175.57,/track,sqlmap/1.5,500,1
2025-04-16 21:01:32.456313,45.67.175.57,/track,sqlmap/1.5,500,1
2025-04-16 21:01:32.553102,45.67.94.112,/track,Mozilla/5.0,200,5
2025-04-16 21:01:33.279748,45.67.94.112,/track,Mozilla/5.0,200,5
2025-04-16 21:01:34.025304,45.67.94.112,/track,Mozilla/5.0,200,5
2025-04-16 21:01:34.764491,45.67.94.112,/track,Mozilla/5.0,200,5
2025-04-16 21:01:35.532152,45.67.94.112,/track,Mozilla/5.0,200,5
2025-04-16 21:01:36.269209,45.67.94.112,/track,Mozilla/5.0,200,5
2025-04-16 21:01:37.006300,45.67.94.112,/track,Mozilla/5.0,200,5
2025-04-16 21:01:37.771606,45.67.94.112,/track,Mozilla/5.0,200,5
2025-04-16 21:01:38.497504,45.67.94.112,/track,Mozilla/5.0,200,5
2025-04-16 21:01:39.231054,45.67.94.112,/track,Mozilla/5.0,200,5
2025-04-16 21:01:39.948886,45.67.71.55,/track,Chrome/119.0,200,5
2025-04-16 21:01:40.489678,45.67.53.244,/track,curl/7.64.1,429,1
2025-04-16 21:01:40.581551,45.67.53.244,/track,curl/7.64.1,429,1
2025-04-16 21:01:40.673821,45.67.53.244,/track,curl/7.64.1,429,1
2025-04-16 21:01:40.756628,45.67.53.244,/track,curl/7.64.1,429,1
2025-04-16 21:01:40.842757,45.67.53.244,/track,curl/7.64.1,429,1
2025-04-16 21:01:40.912974,45.67.53.244,/track,curl/7.64.1,429,1
2025-04-16 21:01:40.996291,45.67.53.244,/track,curl/7.64.1,429,1
2025-04-16 21:01:41.072446,45.67.53.244,/track,curl/7.64.1,429,1
2025-04-16 21:01:41.154536,45.67.53.244,/track,curl/7.64.1,429,1
2025-04-16 21:01:41.242382,45.67.53.244,/track,curl/7.64.1,429,1
2025-04-16 21:01:41.319359,45.67.53.244,/track,curl/7.64.1,429,1
2025-04-16 21:01:41.396260,45.67.53.244,/track,curl/7.64.1,429,1
2025-04-16 21:01:41.488175,45.67.53.244,/track,curl/7.64.1,429,1
2025-04-16 21:01:41.580441,45.67.53.244,/track,curl/7.64.1,429,1
2025-04-16 21:01:41.653983,45.67.53.244,/track,curl/7.64.1,429,1
2025-04-16 21:01:41.735679,45.67.53.244,/track,curl/7.64.1,429,1
2025-04-16 21:01:41.828475,45.67.53.244,/track,curl/7.64.1,429,1
2025-04-16 21:01:41.921522,45.67.53.244,/track,curl/7.64.1,429,1
2025-04-16 21:01:41.994033,45.67.53.244,/track,curl/7.64.1,429,1
2025-04-16 21:01:42.061645,45.67.122.81,/track,BOT/1.0,403,2
2025-04-16 21:01:42.149883,45.67.122.81,/track,BOT/1.0,403,2
2025-04-16 21:01:42.240956,45.67.122.81,/track,BOT/1.0,403,2
2025-04-16 21:01:42.317419,45.67.122.81,/track,BOT/1.0,403,2
2025-04-16 21:01:42.394240,45.67.122.81,/track,BOT/1.0,403,2
2025-04-16 21:01:42.461509,45.67.122.81,/track,BOT/1.0,403,2
2025-04-16 21:01:42.560936,45.67.122.81,/track,BOT/1.0,403,2
2025-04-16 21:01:42.643,45.67.122.81,/track,BOT/1.0,403,2
2025-04-16 21:01:42.746221,45.67.122.81,/track,BOT/1.0,403,2
2025-04-16 21:01:42.837267,45.67.122.81,/track,BOT/1.0,403,2
2025-04-16 21:01:42.904537,45.67.122.81,/track,BOT/1.0,403,2
2025-04-16 21:01:42.972784,45.67.122.81,/track,BOT/1.0,403,2
2025-04-16 21:01:43.052787,45.67.122.81,/track,BOT/1.0,403,2
2025-04-16 21:01:43.145627,45.67.122.81,/track,BOT/1.0,403,2
2025-04-16 21:01:43.253231,45.67.122.81,/track,BOT/1.0,403,2
2025-04-16 21:01:43.347719,45.67.122.81,/track,BOT/1.0,403,2
2025-04-16 21:01:43.420138,45.67.122.81,/track,BOT/1.0,403,2
2025-04-16 21:01:43.503003,45.67.122.81,/track,BOT/1.0,403,2
2025-04-16 21:01:43.592174,45.67.122.81,/track,BOT/1.0,403,2
2025-04-16 21:01:43.668671,45.67.122.81,/track,BOT/1.0,403,2
2025-04-16 21:01:43.747237,45.67.122.81,/track,BOT/1.0,403,2
2025-04-16 21:01:43.837609,45.67.122.81,/track,BOT/1.0,403,2
2025-04-16 21:01:43.946405,45.67.122.81,/track,BOT/1.0,403,2
2025-04-16 21:01:44.052687,45.67.122.81,/track,BOT/1.0,403,2
2025-04-16 21:01:44.159478,45.67.122.81,/track,BOT/1.0,403,2
2025-04-16 21:01:44.298991,45.67.29.6,/track,Edge/95.0,200,5
2025-04-16 21:01:44.832590,45.67.29.6,/track,Edge/95.0,200,5
2025-04-16 21:01:45.372536,45.67.164.122,/track,CustomScanner/1.0,403,2
2025-04-16 21:01:45.464045,45.67.164.122,/track,CustomScanner/1.0,403,2
2025-04-16 21:01:45.540853,45.67.164.122,/track,CustomScanner/1.0,403,2
2025-04-16 21:01:45.632519,45.67.164.122,/track,CustomScanner/1.0,403,2
2025-04-16 21:01:45.709412,45.67.164.122,/track,CustomScanner/1.0,403,2
2025-04-16 21:01:45.786620,45.67.164.122,/track,CustomScanner/1.0,403,2
2025-04-16 21:01:45.865669,45.67.164.122,/track,CustomScanner/1.0,403,2
2025-04-16 21:01:45.955021,45.67.164.122,/track,CustomScanner/1.0,403,2
2025-04-16 21:01:46.034616,45.67.164.122,/track,CustomScanner/1.0,403,2
2025-04-16 21:01:46.105146,45.67.164.122,/track,CustomScanner/1.0,403,2
2025-04-16 21:01:46.199477,45.67.164.122,/track,CustomScanner/1.0,403,2
2025-04-16 21:01:46.291133,45.67.164.122,/track,CustomScanner/1.0,403,2
2025-04-16 21:01:46.367070,45.67.164.122,/track,CustomScanner/1.0,403,2
2025-04-16 21:01:46.433992,45.67.164.122,/track,CustomScanner/1.0,403,2
2025-04-16 21:01:46.522237,45.67.164.122,/track,CustomScanner/1.0,403,2
2025-04-16 21:01:46.631628,45.67.164.122,/track,CustomScanner/1.0,403,2
2025-04-16 21:01:46.738373,45.67.164.122,/track,CustomScanner/1.0,403,2
2025-04-16 21:01:46.831647,45.67.109.63,/track,curl/7.64.1,429,1
2025-04-16 21:01:46.923328,45.67.109.63,/track,curl/7.64.1,429,1
2025-04-16 21:01:47.014727,45.67.109.63,/track,curl/7.64.1,429,1
2025-04-16 21:01:47.107250,45.67.109.63,/track,curl/7.64.1,429,1
2025-04-16 21:01:47.199439,45.67.109.63,/track,curl/7.64.1,429,1
2025-04-16 21:01:47.306460,45.67.109.63,/track,curl/7.64.1,429,1
2025-04-16 21:01:47.399053,45.67.109.63,/track,curl/7.64.1,429,1
2025-04-16 21:01:47.490653,45.67.109.63,/track,curl/7.64.1,429,1
2025-04-16 21:01:47.581895,45.67.109.63,/track,curl/7.64.1,429,1
2025-04-16 21:01:47.658889,45.67.109.63,/track,curl/7.64.1,429,1
2025-04-16 21:01:47.751336,45.67.109.63,/track,curl/7.64.1,429,1
2025-04-16 21:01:47.831891,45.67.109.63,/track,curl/7.64.1,429,1
2025-04-16 21:01:47.919318,45.67.109.63,/track,curl/7.64.1,429,1
2025-04-16 21:01:48.012561,45.67.109.63,/track,curl/7.64.1,429,1
2025-04-16 21:01:48.119855,45.67.109.63,/track,curl/7.64.1,429,1
2025-04-16 21:01:48.197446,45.67.109.63,/track,curl/7.64.1,429,1
2025-04-16 21:01:48.291144,45.67.109.63,/track,curl/7.64.1,429,1
2025-04-16 21:01:48.399664,45.67.175.157,/track,Mozilla/5.0,200,5
2025-04-16 21:01:49.127356,45.67.175.157,/track,Mozilla/5.0,200,5
2025-04-16 21:01:49.849100,45.67.175.157,/track,Mozilla/5.0,200,5
2025-04-16 21:01:50.575549,45.67.175.157,/track,Mozilla/5.0,200,5
2025-04-16 21:01:51.320282,45.67.175.157,/track,Mozilla/5.0,200,5
2025-04-16 21:01:52.064177,45.67.175.157,/track,Mozilla/5.0,200,5
2025-04-16 21:01:52.802472,45.67.175.157,/track,Mozilla/5.0,200,5
2025-04-16 21:01:53.548416,45.67.120.190,/track,Mozilla/5.0,200,5
2025-04-16 21:01:54.089912,45.67.120.190,/track,Mozilla/5.0,200,5
2025-04-16 21:01:54.630243,45.67.158.150,/track,Mozilla/5.0,200,5
2025-04-16 21:01:55.168037,45.67.158.150,/track,Mozilla/5.0,200,5
2025-04-16 21:01:55.693698,45.67.78.212,/track,Mozilla/5.0,200,5
2025-04-16 21:01:56.210609,45.67.78.212,/track,Mozilla/5.0,200,5
2025-04-16 21:01:56.755273,45.67.78.212,/track,Mozilla/5.0,200,5
2025-04-16 21:01:57.292096,45.67.78.212,/track,Mozilla/5.0,200,5
2025-04-16 21:01:57.842632,45.67.146.244,/track,Chrome/119.0,200,5
2025-04-16 21:01:57.980064,45.67.146.244,/track,Chrome/119.0,200,5
2025-04-16 21:01:58.118137,45.67.146.244,/track,Chrome/119.0,200,5
2025-04-16 21:01:58.271776,45.67.146.244,/track,Chrome/119.0,200,5
2025-04-16 21:01:58.409881,45.67.146.244,/track,Chrome/119.0,200,5
2025-04-16 21:01:58.542993,45.67.146.244,/track,Chrome/119.0,200,5
2025-04-16 21:01:58.688179,45.67.146.244,/track,Chrome/119.0,200,5
2025-04-16 21:01:58.827269,45.67.146.244,/track,Chrome/119.0,200,5
2025-04-16 21:01:58.947682,45.67.146.244,/track,Chrome/119.0,200,5
2025-04-16 21:01:59.069563,45.67.146.244,/track,Chrome/119.0,200,5
2025-04-16 21:01:59.211362,45.67.146.244,/track,Chrome/119.0,200,5
2025-04-16 21:01:59.347281,45.67.146.244,/track,Chrome/119.0,200,5
2025-04-16 21:01:59.486151,45.67.146.244,/track,Chrome/119.0,200,5
2025-04-16 21:01:59.638853,45.67.146.244,/track,Chrome/119.0,200,5
2025-04-16 21:01:59.761432,45.67.146.244,/track,Chrome/119.0,200,5
2025-04-16 21:01:59.884946,45.67.146.244,/track,Chrome/119.0,200,5
2025-04-16 21:02:00.024368,45.67.146.244,/track,Chrome/119.0,200,5
2025-04-16 21:02:00.162865,45.67.44.35,/track,sqlmap/1.5,429,1
2025-04-16 21:02:00.253605,45.67.44.35,/track,sqlmap/1.5,429,1
2025-04-16 21:02:00.329455,45.67.44.35,/track,sqlmap/1.5,429,1
2025-04-16 21:02:00.418590,45.67.44.35,/track,sqlmap/1.5,429,1
2025-04-16 21:02:00.531977,45.67.44.35,/track,sqlmap/1.5,429,1
2025-04-16 21:02:00.614329,45.67.44.35,/track,sqlmap/1.5,429,1
2025-04-16 21:02:00.697324,45.67.44.35,/track,sqlmap/1.5,429,1
2025-04-16 21:02:00.794794,45.67.44.35,/track,sqlmap/1.5,429,1
2025-04-16 21:02:00.900772,45.67.44.35,/track,sqlmap/1.5,429,1
2025-04-16 21:02:00.983501,45.67.44.35,/track,sqlmap/1.5,429,1
2025-04-16 21:02:01.061081,45.67.44.35,/track,sqlmap/1.5,429,1
2025-04-16 21:02:01.144531,45.67.44.35,/track,sqlmap/1.5,429,1
2025-04-16 21:02:01.235142,45.67.44.35,/track,sqlmap/1.5,429,1
2025-04-16 21:02:01.329496,45.67.44.35,/track,sqlmap/1.5,429,1
2025-04-16 21:02:01.435633,45.67.44.35,/track,sqlmap/1.5,429,1
2025-04-16 21:02:01.557993,45.67.44.35,/track,sqlmap/1.5,429,1
2025-04-16 21:02:01.636457,45.67.44.35,/track,sqlmap/1.5,429,1
2025-04-16 21:02:01.743608,45.67.44.35,/track,sqlmap/1.5,429,1
2025-04-16 21:02:01.834056,45.67.44.35,/track,sqlmap/1.5,429,1
2025-04-16 21:02:01.912414,45.67.44.35,/track,sqlmap/1.5,429,1
2025-04-16 21:02:01.994558,45.67.44.35,/track,sqlmap/1.5,429,1
2025-04-16 21:02:02.095544,45.67.44.35,/track,sqlmap/1.5,429,1
2025-04-16 21:02:02.171172,45.67.44.35,/track,sqlmap/1.5,429,1
2025-04-16 21:02:02.263826,45.67.161.104,/track,Chrome/119.0,200,5
2025-04-16 21:02:02.403168,45.67.161.104,/track,Chrome/119.0,200,5
2025-04-16 21:02:02.552772,45.67.161.104,/track,Chrome/119.0,200,5
2025-04-16 21:02:02.706247,45.67.161.104,/track,Chrome/119.0,200,5
2025-04-16 21:02:02.861404,45.67.161.104,/track,Chrome/119.0,200,5
2025-04-16 21:02:02.983490,45.67.161.104,/track,Chrome/119.0,200,5
2025-04-16 21:02:03.101381,45.67.161.104,/track,Chrome/119.0,200,5
2025-04-16 21:02:03.241137,45.67.161.104,/track,Chrome/119.0,200,5
2025-04-16 21:02:03.378554,45.67.161.104,/track,Chrome/119.0,200,5
2025-04-16 21:02:03.495052,45.67.161.104,/track,Chrome/119.0,200,5
2025-04-16 21:02:03.620153,45.67.161.104,/track,Chrome/119.0,200,5
2025-04-16 21:02:03.786312,45.67.161.104,/track,Chrome/119.0,200,5
2025-04-16 21:02:03.938395,45.67.16.9,/track,Mozilla/5.0,200,5
2025-04-16 21:02:04.501077,45.67.16.9,/track,Mozilla/5.0,200,5
2025-04-16 21:02:05.097762,45.67.16.9,/track,Mozilla/5.0,200,5
2025-04-16 21:02:05.631433,45.67.200.187,/track,Mozilla/5.0,200,5
2025-04-16 21:02:06.413749,45.67.200.187,/track,Mozilla/5.0,200,5
2025-04-16 21:02:07.137985,45.67.200.187,/track,Mozilla/5.0,200,5
2025-04-16 21:02:07.919797,45.67.200.187,/track,Mozilla/5.0,200,5
2025-04-16 21:02:08.678633,45.67.200.187,/track,Mozilla/5.0,200,5
2025-04-16 21:02:09.400502,45.67.200.187,/track,Mozilla/5.0,200,5
2025-04-16 21:02:10.129978,45.67.200.187,/track,Mozilla/5.0,200,5
2025-04-16 21:02:10.854028,45.67.200.187,/track,Mozilla/5.0,200,5
2025-04-16 21:02:11.592073,45.67.98.42,/track,Chrome/119.0,200,5
2025-04-16 21:02:11.746565,45.67.98.42,/track,Chrome/119.0,200,5
2025-04-16 21:02:11.860825,45.67.98.42,/track,Chrome/119.0,200,5
2025-04-16 21:02:11.975479,45.67.98.42,/track,Chrome/119.0,200,5
2025-04-16 21:02:12.090133,45.67.98.42,/track,Chrome/119.0,200,5
2025-04-16 21:02:12.204752,45.67.98.42,/track,Chrome/119.0,200,5
2025-04-16 21:02:12.342629,45.67.98.42,/track,Chrome/119.0,200,5
2025-04-16 21:02:12.466224,45.67.98.42,/track,Chrome/119.0,200,5
2025-04-16 21:02:12.584330,45.67.98.42,/track,Chrome/119.0,200,5
2025-04-16 21:02:12.710779,45.67.98.42,/track,Chrome/119.0,200,5
2025-04-16 21:02:12.830924,45.67.98.42,/track,Chrome/119.0,200,5
2025-04-16 21:02:12.958691,45.67.98.42,/track,Chrome/119.0,200,5
2025-04-16 21:02:13.074651,45.67.98.42,/track,Chrome/119.0,200,5
2025-04-16 21:02:13.203219,45.67.98.42,/track,Chrome/119.0,200,5
2025-04-16 21:02:13.343237,45.67.98.42,/track,Chrome/119.0,200,5
2025-04-16 21:02:13.482762,45.67.98.42,/track,Chrome/119.0,200,5
2025-04-16 21:02:13.600997,45.67.90.25,/track,CustomScanner/1.0,403,2
2025-04-16 21:02:13.682272,45.67.90.25,/track,CustomScanner/1.0,403,2
2025-04-16 21:02:13.773280,45.67.90.25,/track,CustomScanner/1.0,403,2
2025-04-16 21:02:13.843805,45.67.90.25,/track,CustomScanner/1.0,403,2
2025-04-16 21:02:13.930045,45.67.90.25,/track,CustomScanner/1.0,403,2
2025-04-16 21:02:14.021414,45.67.90.25,/track,CustomScanner/1.0,403,2
2025-04-16 21:02:14.128831,45.67.90.25,/track,CustomScanner/1.0,403,2
2025-04-16 21:02:14.209741,45.67.90.25,/track,CustomScanner/1.0,403,2
2025-04-16 21:02:14.296043,45.67.90.25,/track,CustomScanner/1.0,403,2
2025-04-16 21:02:14.393625,45.67.90.25,/track,CustomScanner/1.0,403,2
2025-04-16 21:02:14.469964,45.67.90.25,/track,CustomScanner/1.0,403,2
2025-04-16 21:02:14.561215,45.67.90.25,/track,CustomScanner/1.0,403,2
2025-04-16 21:02:14.635601,45.67.90.25,/track,CustomScanner/1.0,403,2
2025-04-16 21:02:14.727226,45.67.90.25,/track,CustomScanner/1.0,403,2
2025-04-16 21:02:14.817183,45.67.90.25,/track,CustomScanner/1.0,403,2
2025-04-16 21:02:14.909260,45.67.90.25,/track,CustomScanner/1.0,403,2
2025-04-16 21:02:14.984986,45.67.90.25,/track,CustomScanner/1.0,403,2
2025-04-16 21:02:15.077125,45.67.90.25,/track,CustomScanner/1.0,403,2
2025-04-16 21:02:15.169775,45.67.90.25,/track,CustomScanner/1.0,403,2
2025-04-16 21:02:15.262028,45.67.13.228,/track,Chrome/119.0,200,5
2025-04-16 21:02:15.394769,45.67.13.228,/track,Chrome/119.0,200,5
2025-04-16 21:02:15.538673,45.67.13.228,/track,Chrome/119.0,200,5
2025-04-16 21:02:15.658792,45.67.13.228,/track,Chrome/119.0,200,5
2025-04-16 21:02:15.797111,45.67.13.228,/track,Chrome/119.0,200,5
2025-04-16 21:02:15.933965,45.67.13.228,/track,Chrome/119.0,200,5
2025-04-16 21:02:16.051020,45.67.13.228,/track,Chrome/119.0,200,5
2025-04-16 21:02:16.167533,45.67.13.228,/track,Chrome/119.0,200,5
2025-04-16 21:02:16.300916,45.67.13.228,/track,Chrome/119.0,200,5
2025-04-16 21:02:16.418920,45.67.13.228,/track,Chrome/119.0,200,5
2025-04-16 21:02:16.536553,45.67.13.228,/track,Chrome/119.0,200,5
2025-04-16 21:02:16.671867,45.67.13.228,/track,Chrome/119.0,200,5
2025-04-16 21:02:16.797728,45.67.13.228,/track,Chrome/119.0,200,5
2025-04-16 21:02:16.929664,45.67.13.228,/track,Chrome/119.0,200,5
2025-04-16 21:02:17.086312,45.67.172.79,/track,Mozilla/5.0,200,5
2025-04-16 21:02:17.817486,45.67.172.79,/track,Mozilla/5.0,200,5
2025-04-16 21:02:18.560917,45.67.172.79,/track,Mozilla/5.0,200,5
2025-04-16 21:02:19.279204,45.67.172.79,/track,Mozilla/5.0,200,5
2025-04-16 21:02:20.003694,45.67.172.79,/track,Mozilla/5.0,200,5
2025-04-16 21:02:20.762555,45.67.172.79,/track,Mozilla/5.0,200,5
2025-04-16 21:02:21.488573,45.67.42.245,/track,Mozilla/5.0,200,5
2025-04-16 21:02:22.240305,45.67.42.245,/track,Mozilla/5.0,200,5
2025-04-16 21:02:22.983311,45.67.42.245,/track,Mozilla/5.0,200,5
2025-04-16 21:02:23.698439,45.67.42.245,/track,Mozilla/5.0,200,5
2025-04-16 21:02:24.445454,45.67.42.245,/track,Mozilla/5.0,200,5
2025-04-16 21:02:25.202439,45.67.42.245,/track,Mozilla/5.0,200,5
2025-04-16 21:02:25.943189,45.67.42.245,/track,Mozilla/5.0,200,5
2025-04-16 21:02:26.663115,45.67.198.135,/track,Chrome/119.0,200,5
2025-04-16 21:02:26.817601,45.67.198.135,/track,Chrome/119.0,200,5
2025-04-16 21:02:26.954968,45.67.198.135,/track,Chrome/119.0,200,5
2025-04-16 21:02:27.083739,45.67.198.135,/track,Chrome/119.0,200,5
2025-04-16 21:02:27.214817,45.67.198.135,/track,Chrome/119.0,200,5
2025-04-16 21:02:27.355182,45.67.198.135,/track,Chrome/119.0,200,5
2025-04-16 21:02:27.507234,45.67.198.135,/track,Chrome/119.0,200,5
2025-04-16 21:02:27.636725,45.67.198.135,/track,Chrome/119.0,200,5
2025-04-16 21:02:27.757217,45.67.198.135,/track,Chrome/119.0,200,5
2025-04-16 21:02:27.874954,45.67.198.135,/track,Chrome/119.0,200,5
2025-04-16 21:02:28.011685,45.67.125.156,/track,sqlmap/1.5,403,2
2025-04-16 21:02:28.089419,45.67.125.156,/track,sqlmap/1.5,403,2
2025-04-16 21:02:28.181920,45.67.125.156,/track,sqlmap/1.5,403,2
2025-04-16 21:02:28.288129,45.67.125.156,/track,sqlmap/1.5,403,2
2025-04-16 21:02:28.383093,45.67.125.156,/track,sqlmap/1.5,403,2
2025-04-16 21:02:28.457029,45.67.125.156,/track,sqlmap/1.5,403,2
2025-04-16 21:02:28.563498,45.67.125.156,/track,sqlmap/1.5,403,2
2025-04-16 21:02:28.674191,45.67.125.156,/track,sqlmap/1.5,403,2
2025-04-16 21:02:28.785571,45.67.125.156,/track,sqlmap/1.5,403,2
2025-04-16 21:02:28.862005,45.67.125.156,/track,sqlmap/1.5,403,2
2025-04-16 21:02:28.985017,45.67.125.156,/track,sqlmap/1.5,403,2
2025-04-16 21:02:29.092246,45.67.125.156,/track,sqlmap/1.5,403,2
2025-04-16 21:02:29.185187,45.67.125.156,/track,sqlmap/1.5,403,2
2025-04-16 21:02:29.265775,45.67.125.156,/track,sqlmap/1.5,403,2
2025-04-16 21:02:29.382459,45.67.125.156,/track,sqlmap/1.5,403,2
2025-04-16 21:02:29.452080,45.67.125.156,/track,sqlmap/1.5,403,2
2025-04-16 21:02:29.538285,45.67.125.156,/track,sqlmap/1.5,403,2
2025-04-16 21:02:29.660524,45.67.125.156,/track,sqlmap/1.5,403,2
2025-04-16 21:02:29.773124,45.67.125.156,/track,sqlmap/1.5,403,2
2025-04-16 21:02:29.871502,45.67.125.156,/track,sqlmap/1.5,403,2
2025-04-16 21:02:29.964952,45.67.125.156,/track,sqlmap/1.5,403,2
2025-04-16 21:02:30.065421,45.67.125.156,/track,sqlmap/1.5,403,2
2025-04-16 21:02:30.176110,45.67.125.156,/track,sqlmap/1.5,403,2
2025-04-16 21:02:30.250914,45.67.125.156,/track,sqlmap/1.5,403,2
2025-04-16 21:02:30.342946,45.67.125.156,/track,sqlmap/1.5,403,2
2025-04-16 21:02:30.434747,45.67.125.156,/track,sqlmap/1.5,403,2
2025-04-16 21:02:30.540463,45.67.125.156,/track,sqlmap/1.5,403,2
2025-04-16 21:02:30.628226,45.67.125.156,/track,sqlmap/1.5,403,2
2025-04-16 21:02:30.722867,45.67.125.156,/track,sqlmap/1.5,403,2
2025-04-16 21:02:30.809614,45.67.54.227,/track,Safari/13.1.2,200,5
2025-04-16 21:02:31.341389,45.67.54.227,/track,Safari/13.1.2,200,5
2025-04-16 21:02:31.869057,45.67.54.227,/track,Safari/13.1.2,200,5
2025-04-16 21:02:32.386139,45.67.54.227,/track,Safari/13.1.2,200,5
2025-04-16 21:02:32.906334,45.67.96.166,/track,curl/7.64.1,429,1
2025-04-16 21:02:32.986886,45.67.96.166,/track,curl/7.64.1,429,1
2025-04-16 21:02:33.082440,45.67.96.166,/track,curl/7.64.1,429,1
2025-04-16 21:02:33.190234,45.67.96.166,/track,curl/7.64.1,429,1
2025-04-16 21:02:33.282983,45.67.96.166,/track,curl/7.64.1,429,1
2025-04-16 21:02:33.356346,45.67.96.166,/track,curl/7.64.1,429,1
2025-04-16 21:02:33.439185,45.67.96.166,/track,curl/7.64.1,429,1
2025-04-16 21:02:33.528506,45.67.96.166,/track,curl/7.64.1,429,1
2025-04-16 21:02:33.596354,45.67.96.166,/track,curl/7.64.1,429,1
2025-04-16 21:02:33.683120,45.67.96.166,/track,curl/7.64.1,429,1
2025-04-16 21:02:33.774542,45.67.96.166,/track,curl/7.64.1,429,1
2025-04-16 21:02:33.886187,45.67.96.166,/track,curl/7.64.1,429,1
2025-04-16 21:02:34.022684,45.67.96.166,/track,curl/7.64.1,429,1
2025-04-16 21:02:34.146141,45.67.96.166,/track,curl/7.64.1,429,1
2025-04-16 21:02:34.237699,45.67.96.166,/track,curl/7.64.1,429,1
2025-04-16 21:02:34.329390,45.67.96.166,/track,curl/7.64.1,429,1
2025-04-16 21:02:34.402642,45.67.96.166,/track,curl/7.64.1,429,1
2025-04-16 21:02:34.482223,45.67.96.166,/track,curl/7.64.1,429,1
2025-04-16 21:02:34.575795,45.67.96.166,/track,curl/7.64.1,429,1
2025-04-16 21:02:34.682402,45.67.96.166,/track,curl/7.64.1,429,1
2025-04-16 21:02:34.788585,45.67.96.166,/track,curl/7.64.1,429,1
2025-04-16 21:02:34.898485,45.67.96.166,/track,curl/7.64.1,429,1
2025-04-16 21:02:34.990750,45.67.96.166,/track,curl/7.64.1,429,1
